{
  "departamento":{
    "16": {
      "nombre":"loreto",
      "pendientes_totales":"1",
      "cumplidos_totales":"3",
      "riesgo":"##",
      "tipo":{
        "Mesa de Diálogo": { 
          "nombre":"Mesa de Diálogo",
          "pendientes":"##",
          "cumplidos":"##",
          "mesas_de_trabajo":{
            "mesa aa":{
              "compromiso1":{
                "nombre":"compromiso1",
                "estado":"pendiente",
                "descripcion":"ddjhgkj",
                "prioridad":"alto",
                "riesgo":"si",
                "plazo_faltante":"10 meses",
                "inversion":"###",
                "moneda_tipo":"usd",
                "fecha_de_comppromiso":"24/12/2",
                "fecha_cumplimiento":"##/##/##"
              },
              "compromiso2":{
                "nombre":"compromiso2",
                "estado":"pendiente",
                "descripcion":"ddjhgkj",
                "prioridad":"alto",
                "riesgo":"si",
                "plazo_faltante":"10 meses",
                "inversion":"###",
                "moneda_tipo":"usd",
                "fecha_de_comppromiso":"24/12/2",
                "fecha_cumplimiento":"##/##/##" 
              }
            }
          }          
        },
        "Gore Ejecutivo": { 
          "nombre":"Gore",
          "pendientes":"##",
          "cumplidos":"##",
          "mesas_de_trabajo":{
            "mesa aa":{
              "compromiso1":{
                "nombre":"compromiso1",
                "estado":"pendiente",
                "descripcion":"ddjhgkj",
                "prioridad":"alto",
                "riesgo":"si",
                "plazo_faltante":"10 meses",
                "inversion":"###",
                "moneda_tipo":"usd",
                "fecha_de_comppromiso":"24/12/2",
                "fecha_cumplimiento":"##/##/##"
              },
              "compromiso2":{
                "nombre":"compromiso2",
                "estado":"pendiente",
                "descripcion":"ddjhgkj",
                "prioridad":"alto",
                "riesgo":"si",
                "plazo_faltante":"10 meses",
                "inversion":"###",
                "moneda_tipo":"usd",
                "fecha_de_comppromiso":"24/12/2",
                "fecha_cumplimiento":"##/##/##" 
              }
            }
          } 
        },
        "Muni Ejecutivo": { 
          "nombre":"Gore",
          "pendientes":"##",
          "cumplidos":"##",
          "mesas_de_trabajo":{
            "mesa aa":{
              "compromiso1":{
                "nombre":"compromiso1",
                "estado":"pendiente",
                "descripcion":"ddjhgkj",
                "prioridad":"alto",
                "riesgo":"si",
                "plazo_faltante":"10 meses",
                "inversion":"###",
                "moneda_tipo":"usd",
                "fecha_de_comppromiso":"24/12/2",
                "fecha_cumplimiento":"##/##/##"
              },
              "compromiso2":{
                "nombre":"compromiso2",
                "estado":"pendiente",
                "descripcion":"ddjhgkj",
                "prioridad":"alto",
                "riesgo":"si",
                "plazo_faltante":"10 meses",
                "inversion":"###",
                "moneda_tipo":"usd",
                "fecha_de_comppromiso":"24/12/2",
                "fecha_cumplimiento":"##/##/##" 
              }
            }
          } 
        },
        "Convenios de Gestión": { 
          "nombre":"Gore",
          "pendientes":"##",
          "cumplidos":"##",
          "mesas_de_trabajo":{
            "mesa aa":{
              "compromiso1":{
                "nombre":"compromiso1",
                "estado":"pendiente",
                "descripcion":"ddjhgkj",
                "prioridad":"alto",
                "riesgo":"si",
                "plazo_faltante":"10 meses",
                "inversion":"###",
                "moneda_tipo":"usd",
                "fecha_de_comppromiso":"24/12/2",
                "fecha_cumplimiento":"##/##/##"
              },
              "compromiso2":{
                "nombre":"compromiso2",
                "estado":"pendiente",
                "descripcion":"ddjhgkj",
                "prioridad":"alto",
                "riesgo":"si",
                "plazo_faltante":"10 meses",
                "inversion":"###",
                "moneda_tipo":"usd",
                "fecha_de_comppromiso":"24/12/2",
                "fecha_cumplimiento":"##/##/##" 
              }
            }
          } 
        }
      }
    },
    "25": {
      "nombre":"loreto",
      "pendientes_totales":"8",
      "cumplidos_totales":"3",
      "riesgo":"##",
      "tipo":{
        "Mesa de Diálogo": { 
          "nombre":"Mesa de Diálogo",
          "pendientes":"##",
          "cumplidos":"##",
          "mesas_de_trabajo":{
            "mesa aa":{
              "compromiso1":{
                "nombre":"compromiso1",
                "estado":"pendiente",
                "descripcion":"ddjhgkj",
                "prioridad":"alto",
                "riesgo":"si",
                "plazo_faltante":"10 meses",
                "inversion":"###",
                "moneda_tipo":"usd",
                "fecha_de_comppromiso":"24/12/2",
                "fecha_cumplimiento":"##/##/##"
              },
              "compromiso2":{
                "nombre":"compromiso2",
                "estado":"pendiente",
                "descripcion":"ddjhgkj",
                "prioridad":"alto",
                "riesgo":"si",
                "plazo_faltante":"10 meses",
                "inversion":"###",
                "moneda_tipo":"usd",
                "fecha_de_comppromiso":"24/12/2",
                "fecha_cumplimiento":"##/##/##" 
              }
            }
          }          
        },
        "Gore Ejecutivo": { 
          "nombre":"Gore",
          "pendientes":"##",
          "cumplidos":"##",
          "mesas_de_trabajo":{
            "mesa aa":{
              "compromiso1":{
                "nombre":"compromiso1",
                "estado":"pendiente",
                "descripcion":"ddjhgkj",
                "prioridad":"alto",
                "riesgo":"si",
                "plazo_faltante":"10 meses",
                "inversion":"###",
                "moneda_tipo":"usd",
                "fecha_de_comppromiso":"24/12/2",
                "fecha_cumplimiento":"##/##/##"
              },
              "compromiso2":{
                "nombre":"compromiso2",
                "estado":"pendiente",
                "descripcion":"ddjhgkj",
                "prioridad":"alto",
                "riesgo":"si",
                "plazo_faltante":"10 meses",
                "inversion":"###",
                "moneda_tipo":"usd",
                "fecha_de_comppromiso":"24/12/2",
                "fecha_cumplimiento":"##/##/##" 
              }
            }
          } 
        },
        "Muni Ejecutivo": { 
          "nombre":"Gore",
          "pendientes":"##",
          "cumplidos":"##",
          "mesas_de_trabajo":{
            "mesa aa":{
              "compromiso1":{
                "nombre":"compromiso1",
                "estado":"pendiente",
                "descripcion":"ddjhgkj",
                "prioridad":"alto",
                "riesgo":"si",
                "plazo_faltante":"10 meses",
                "inversion":"###",
                "moneda_tipo":"usd",
                "fecha_de_comppromiso":"24/12/2",
                "fecha_cumplimiento":"##/##/##"
              },
              "compromiso2":{
                "nombre":"compromiso2",
                "estado":"pendiente",
                "descripcion":"ddjhgkj",
                "prioridad":"alto",
                "riesgo":"si",
                "plazo_faltante":"10 meses",
                "inversion":"###",
                "moneda_tipo":"usd",
                "fecha_de_comppromiso":"24/12/2",
                "fecha_cumplimiento":"##/##/##" 
              }
            }
          } 
        },
        "Convenios de Gestión": { 
          "nombre":"Gore",
          "pendientes":"##",
          "cumplidos":"##",
          "mesas_de_trabajo":{
            "mesa aa":{
              "compromiso1":{
                "nombre":"compromiso1",
                "estado":"pendiente",
                "descripcion":"ddjhgkj",
                "prioridad":"alto",
                "riesgo":"si",
                "plazo_faltante":"10 meses",
                "inversion":"###",
                "moneda_tipo":"usd",
                "fecha_de_comppromiso":"24/12/2",
                "fecha_cumplimiento":"##/##/##"
              },
              "compromiso2":{
                "nombre":"compromiso2",
                "estado":"pendiente",
                "descripcion":"ddjhgkj",
                "prioridad":"alto",
                "riesgo":"si",
                "plazo_faltante":"10 meses",
                "inversion":"###",
                "moneda_tipo":"usd",
                "fecha_de_comppromiso":"24/12/2",
                "fecha_cumplimiento":"##/##/##" 
              }
            }
          } 
        }
      }
    }
  }
}
